INSERT INTO funcionario (id,created_at,updated_at,adm,email,nome,senha,franquia_id) VALUES (1,'2019-11-28 00:20:36','2019-11-28 00:20:36',true,'adm@gmail.com','Administrador','dssd',1);
INSERT INTO  funcionario  ( id , created_at , updated_at , adm , email , nome , senha , franquia_id ) VALUES (2,'2019-11-28 00:20:36','2019-11-28 00:20:36',false,'joao@gmail.com','Joao','123',2);
INSERT INTO  funcionario  ( id , created_at , updated_at , adm , email , nome , senha , franquia_id ) VALUES (3,'2019-11-28 00:20:36','2019-11-28 00:20:36',false,'ernando@gmail.com','Fernando','4444',4);
INSERT INTO  funcionario  ( id , created_at , updated_at , adm , email , nome , senha , franquia_id ) VALUES (4,'2019-11-28 00:20:36','2019-11-28 00:20:36',true,'maria@gmail.com','Maria','qwert',6);

INSERT INTO  franquia  ( id , created_at , updated_at , aeroporto , cidade , estado , matriz , nome , numero , regiao , rua ) VALUES (1,'2019-11-28 00:20:36','2019-11-28 00:20:36',true,'Joao Pessoa','Paraíba',true,'RapidaoCometa','466','Nordeste','R. Empresário João Rodrigues Alves');
INSERT INTO  franquia  ( id , created_at , updated_at , aeroporto , cidade , estado , matriz , nome , numero , regiao , rua ) VALUES (2,'2019-11-28 00:20:36','2019-11-28 00:20:36',true,'Sao Paulo','Sao Paulo',false,'BomQueSo','329','Sul','Rua Germano Vítor dos Santos');
INSERT INTO  franquia  ( id , created_at , updated_at , aeroporto , cidade , estado , matriz , nome , numero , regiao , rua ) VALUES (3,'2019-11-28 00:20:36','2019-11-28 00:20:36',false,'Nova Iguaçu','Rio de Janeiro',true,'Transnacional','446','Suldeste','Rua Marechal Bevilaqua');
INSERT INTO  franquia  ( id , created_at , updated_at , aeroporto , cidade , estado , matriz , nome , numero , regiao , rua ) VALUES (4,'2019-11-28 00:20:36','2019-11-28 00:20:36',true,'Natal','Rio Grande do Norte',true,'Ferrotrada','3720','Nordeste','Av. Prudente de Morais');
INSERT INTO  franquia  ( id , created_at , updated_at , aeroporto , cidade , estado , matriz , nome , numero , regiao , rua ) VALUES (5,'2019-11-28 00:20:36','2019-11-28 00:20:36',false,'Campina Grande','Paraíba',false,'Borborema','127','Nordeste','Rua Elpídio de Almeida');
INSERT INTO  franquia  ( id , created_at , updated_at , aeroporto , cidade , estado , matriz , nome , numero , regiao , rua ) VALUES (6,'2019-11-28 00:20:36','2019-11-28 00:20:36',true,'Salvador','Bahia',false,'BelaMinas','66','Nordeste','R. José Bezerra da Silva');

INSERT INTO  franquias_proximas  ( franquia_id , franquias_proximas , franquia_proxima_id ) VALUES (1,188,4);
INSERT INTO  franquias_proximas  ( franquia_id , franquias_proximas , franquia_proxima_id ) VALUES (1,133,5);
INSERT INTO  franquias_proximas  ( franquia_id , franquias_proximas , franquia_proxima_id ) VALUES (1,924,6);
INSERT INTO  franquias_proximas  ( franquia_id , franquias_proximas , franquia_proxima_id ) VALUES (2,426,3);
INSERT INTO  franquias_proximas  ( franquia_id , franquias_proximas , franquia_proxima_id ) VALUES (2,2649,5);
INSERT INTO  franquias_proximas  ( franquia_id , franquias_proximas , franquia_proxima_id ) VALUES (2,1985,6);
INSERT INTO  franquias_proximas  ( franquia_id , franquias_proximas , franquia_proxima_id ) VALUES (3,426,2);
INSERT INTO  franquias_proximas  ( franquia_id , franquias_proximas , franquia_proxima_id ) VALUES (3,1913,5);
INSERT INTO  franquias_proximas  ( franquia_id , franquias_proximas , franquia_proxima_id ) VALUES (3,1603,6);
INSERT INTO  franquias_proximas  ( franquia_id , franquias_proximas , franquia_proxima_id ) VALUES (4,188,1);
INSERT INTO  franquias_proximas  ( franquia_id , franquias_proximas , franquia_proxima_id ) VALUES (4,254,5);
INSERT INTO  franquias_proximas  ( franquia_id , franquias_proximas , franquia_proxima_id ) VALUES (4,1090,6);
INSERT INTO  franquias_proximas  ( franquia_id , franquias_proximas , franquia_proxima_id ) VALUES (5,133,1);
INSERT INTO  franquias_proximas  ( franquia_id , franquias_proximas , franquia_proxima_id ) VALUES (5,254,4);
INSERT INTO  franquias_proximas  ( franquia_id , franquias_proximas , franquia_proxima_id ) VALUES (5,876,6);
INSERT INTO  franquias_proximas  ( franquia_id , franquias_proximas , franquia_proxima_id ) VALUES (6,133,1);
INSERT INTO  franquias_proximas  ( franquia_id , franquias_proximas , franquia_proxima_id ) VALUES (6,1985,2);
INSERT INTO  franquias_proximas  ( franquia_id , franquias_proximas , franquia_proxima_id ) VALUES (6,1603,3);